{
	"metadata"  : {
		"formatVersion" : 3.2,
		"type"		: "geometry",
		"generatedBy"	: "convert-to-threejs.py",
		"vertices" : 18,
		"normals" : 14,
		"colors" : 0,
		"faces" : 20,
		"uvs" : [ 5 ]
	},
	"boundingBox"  : {
		"min" : [ -25.000000029,-1.53080849893e-15,-25.0 ],
		"max" : [ 24.999999971,75.0,25.0 ]
	},
	"scale" : 1,
	"materials" : [  ],
	"vertices" : [ -25,-1.53081e-15,25,25,-1.53081e-15,25,-25,1.53081e-15,-25,25,1.53081e-15,-25,-25,50,25,25,50,25,-25,50,-25,25,50,-25,-15,10,25,15,10,25,15,40,25,-15,40,25,-15,50,15,15,50,15,15,50,-15,-15,50,-15,-2.90435e-08,75,4.59243e-15,-2.90435e-08,25,1.53081e-15 ],
	"normals" : [ 0,-1,-0,1,0,0,0,0,-1,-1,0,0,0,-0,1,0,1,0,0,0.514496,0.857493,0.857493,0.514496,0,0,0.514496,-0.857493,-0.857493,0.514496,0,0,0.857493,0.514496,-0.857493,-0,0.514496,0,-0.857493,0.514496,0.857493,-0,0.514496 ],
	"colors" : [  ],
	"uvs" : [ [1,0,0,0,1,1,0,1,0.5,0.5] ],
	"faces" : [ 43,0,2,3,1,0,0,2,3,1,0,0,0,0,43,1,3,7,5,0,1,0,2,3,1,1,1,1,43,3,2,6,7,0,1,0,2,3,2,2,2,2,43,2,0,4,6,0,1,0,2,3,3,3,3,3,43,0,1,9,8,0,0,1,0,1,4,4,4,4,43,1,5,10,9,0,1,3,2,0,4,4,4,4,43,5,4,11,10,0,0,1,3,2,4,4,4,4,43,4,0,8,11,0,2,0,1,3,4,4,4,4,43,4,5,13,12,0,1,0,0,1,5,5,5,5,43,5,7,14,13,0,3,2,2,0,5,5,5,5,43,7,6,15,14,0,3,2,3,2,5,5,5,5,43,6,4,12,15,0,3,2,1,3,5,5,5,5,42,12,13,16,0,1,0,4,6,6,6,42,13,14,16,0,0,2,4,7,7,7,42,14,15,16,0,2,3,4,8,8,8,42,15,12,16,0,3,1,4,9,9,9,42,8,9,17,0,1,0,4,10,10,10,42,9,10,17,0,0,2,4,11,11,11,42,10,11,17,0,2,3,4,12,12,12,42,11,8,17,0,3,1,4,13,13,13 ]
}