{
   "metadata"  : {
       "formatVersion" : 3.2,
       "type"      : "geometry",
       "generatedBy"   : "convert-to-threejs.py",
       "vertices" : 396,
       "normals" : 68,
       "colors" : 0,
       "faces" : 132,
       "uvs" : [ 110 ]
   },
   "boundingBox"  : {
       "min" : [ -1.29540729523,-0.109258174896,-1.3188796405 ],
       "max" : [ 1.39936351776,9.73047184951,1.37589105328 ]
   },
   "scale" : 1,
   "materials" : [  ],
   "vertices" : [ -1.20463,0.0480375,0.0285058,-1.28844,0.266774,0.0285058,-1.29541,4.39171,0.028506,-1.12461,5.13918,0.028506,-0.548192,6.83892,0.0285061,-0.400199,8.96755,0.0285062,-0.484827,9.00967,0.0285062,-0.449101,9.67288,0.0285062,-0.836582,0.0480377,0.917066,-0.895842,0.266774,0.976325,-0.900767,4.39171,0.981251,-0.779997,5.13918,0.860482,-0.372405,6.83892,0.45289,-0.267759,8.96755,0.348244,-0.3276,9.00967,0.408084,-0.302338,9.67288,0.382822,0.0519777,0.0480377,1.28512,0.0519777,0.266774,1.36893,0.0519783,4.39171,1.37589,0.0519786,5.13918,1.2051,0.0519788,6.83892,0.628675,0.0519791,8.96755,0.480683,0.0519791,9.00967,0.56531,0.0519792,9.67288,0.529584,0.940537,0.0480377,0.917066,0.999797,0.266774,0.976326,1.00472,4.39171,0.981251,0.883954,5.13918,0.860481,0.476363,6.83892,0.452889,0.371717,8.96755,0.348242,0.431557,9.00967,0.408083,0.406295,9.67288,0.382821,1.30859,0.0480375,0.0285065,1.3924,0.266774,0.0285064,1.39936,4.39171,0.0285053,1.22857,5.13918,0.0285051,0.652148,6.83892,0.0285046,0.504156,8.96755,0.0285041,0.588783,9.00967,0.028504,0.553057,9.67288,0.0285039,0.940538,0.0480373,-0.860053,0.999798,0.266774,-0.919313,1.00472,4.39171,-0.92424,0.883953,5.13918,-0.80347,0.476362,6.83892,-0.395879,0.371715,8.96755,-0.291233,0.431556,9.00967,-0.351074,0.406294,9.67288,-0.325812,0.0526406,9.73047,0.0293202,0.0519785,0.0480373,-1.22811,0.0519785,0.266774,-1.31191,0.0519778,4.39171,-1.31888,0.0519777,5.13918,-1.14809,0.0519774,6.83892,-0.571664,0.051977,8.96755,-0.423672,0.051977,9.00967,-0.5083,0.0519769,9.67288,-0.472574,0.0519781,-0.109258,0.0285062,-0.428907,0.0480373,-1.13245,-0.836581,0.0480373,-0.860053,-0.895841,0.266774,-0.919313,-0.900768,4.39171,-0.924239,-0.779998,5.13918,-0.803469,-0.372407,6.83892,-0.395878,-0.267761,8.96755,-0.291232,-0.327601,9.00967,-0.351072,-0.302339,9.67288,-0.32581,0.0504442,9.73047,0.0269726,-1.20463,0.0480375,0.0285058,-0.836582,0.0480377,0.917066,-0.895842,0.266774,0.976325,-1.20463,0.0480375,0.0285058,-1.28844,0.266774,0.0285058,-0.895842,0.266774,0.976325,-0.900767,4.39171,0.981251,-1.28844,0.266774,0.0285058,-1.29541,4.39171,0.028506,-0.900767,4.39171,0.981251,-0.779997,5.13918,0.860482,-1.29541,4.39171,0.028506,-1.12461,5.13918,0.028506,-0.779997,5.13918,0.860482,-0.372405,6.83892,0.45289,-1.12461,5.13918,0.028506,-0.548192,6.83892,0.0285061,-0.372405,6.83892,0.45289,-0.267759,8.96755,0.348244,-0.548192,6.83892,0.0285061,-0.400199,8.96755,0.0285062,-0.267759,8.96755,0.348244,-0.3276,9.00967,0.408084,-0.400199,8.96755,0.0285062,-0.484827,9.00967,0.0285062,-0.3276,9.00967,0.408084,-0.302338,9.67288,0.382822,-0.484827,9.00967,0.0285062,-0.449101,9.67288,0.0285062,-0.302338,9.67288,0.382822,0.0526406,9.73047,0.0293202,-0.449101,9.67288,0.0285062,0.0519781,-0.109258,0.0285062,-0.836582,0.0480377,0.917066,-0.836582,0.0480377,0.917066,0.0519777,0.0480377,1.28512,0.0519777,0.266774,1.36893,-0.895842,0.266774,0.976325,-0.836582,0.0480377,0.917066,-0.895842,0.266774,0.976325,0.0519777,0.266774,1.36893,0.0519783,4.39171,1.37589,-0.900767,4.39171,0.981251,-0.895842,0.266774,0.976325,-0.900767,4.39171,0.981251,0.0519783,4.39171,1.37589,0.0519786,5.13918,1.2051,-0.779997,5.13918,0.860482,-0.900767,4.39171,0.981251,-0.779997,5.13918,0.860482,0.0519786,5.13918,1.2051,0.0519788,6.83892,0.628675,-0.372405,6.83892,0.45289,-0.779997,5.13918,0.860482,-0.372405,6.83892,0.45289,0.0519788,6.83892,0.628675,0.0519791,8.96755,0.480683,-0.267759,8.96755,0.348244,-0.372405,6.83892,0.45289,-0.267759,8.96755,0.348244,0.0519791,8.96755,0.480683,0.0519791,9.00967,0.56531,-0.3276,9.00967,0.408084,-0.267759,8.96755,0.348244,-0.3276,9.00967,0.408084,0.0519791,9.00967,0.56531,0.0519792,9.67288,0.529584,-0.302338,9.67288,0.382822,-0.3276,9.00967,0.408084,-0.302338,9.67288,0.382822,0.0519792,9.67288,0.529584,0.0526406,9.73047,0.0293202,0.0519781,-0.109258,0.0285062,0.0519777,0.0480377,1.28512,0.0519777,0.0480377,1.28512,0.940537,0.0480377,0.917066,0.999797,0.266774,0.976326,0.0519777,0.266774,1.36893,0.0519777,0.0480377,1.28512,0.0519777,0.266774,1.36893,0.999797,0.266774,0.976326,1.00472,4.39171,0.981251,0.0519783,4.39171,1.37589,0.0519777,0.266774,1.36893,0.0519783,4.39171,1.37589,1.00472,4.39171,0.981251,0.883954,5.13918,0.860481,0.0519786,5.13918,1.2051,0.0519783,4.39171,1.37589,0.0519786,5.13918,1.2051,0.883954,5.13918,0.860481,0.476363,6.83892,0.452889,0.0519788,6.83892,0.628675,0.0519786,5.13918,1.2051,0.0519788,6.83892,0.628675,0.476363,6.83892,0.452889,0.371717,8.96755,0.348242,0.0519791,8.96755,0.480683,0.0519788,6.83892,0.628675,0.0519791,8.96755,0.480683,0.371717,8.96755,0.348242,0.431557,9.00967,0.408083,0.0519791,9.00967,0.56531,0.0519791,8.96755,0.480683,0.0519791,9.00967,0.56531,0.431557,9.00967,0.408083,0.406295,9.67288,0.382821,0.0519792,9.67288,0.529584,0.0519791,9.00967,0.56531,0.0519792,9.67288,0.529584,0.406295,9.67288,0.382821,0.0526406,9.73047,0.0293202,0.0519781,-0.109258,0.0285062,0.940537,0.0480377,0.917066,0.940537,0.0480377,0.917066,1.30859,0.0480375,0.0285065,1.3924,0.266774,0.0285064,0.999797,0.266774,0.976326,0.940537,0.0480377,0.917066,0.999797,0.266774,0.976326,1.3924,0.266774,0.0285064,1.39936,4.39171,0.0285053,1.00472,4.39171,0.981251,0.999797,0.266774,0.976326,1.00472,4.39171,0.981251,1.39936,4.39171,0.0285053,1.22857,5.13918,0.0285051,0.883954,5.13918,0.860481,1.00472,4.39171,0.981251,0.883954,5.13918,0.860481,1.22857,5.13918,0.0285051,0.652148,6.83892,0.0285046,0.476363,6.83892,0.452889,0.883954,5.13918,0.860481,0.476363,6.83892,0.452889,0.652148,6.83892,0.0285046,0.504156,8.96755,0.0285041,0.371717,8.96755,0.348242,0.476363,6.83892,0.452889,0.371717,8.96755,0.348242,0.504156,8.96755,0.0285041,0.588783,9.00967,0.028504,0.431557,9.00967,0.408083,0.371717,8.96755,0.348242,0.431557,9.00967,0.408083,0.588783,9.00967,0.028504,0.553057,9.67288,0.0285039,0.406295,9.67288,0.382821,0.431557,9.00967,0.408083,0.406295,9.67288,0.382821,0.553057,9.67288,0.0285039,0.0526406,9.73047,0.0293202,0.0519781,-0.109258,0.0285062,1.30859,0.0480375,0.0285065,1.30859,0.0480375,0.0285065,0.940538,0.0480373,-0.860053,0.999798,0.266774,-0.919313,1.3924,0.266774,0.0285064,1.30859,0.0480375,0.0285065,1.3924,0.266774,0.0285064,0.999798,0.266774,-0.919313,1.00472,4.39171,-0.92424,1.39936,4.39171,0.0285053,1.3924,0.266774,0.0285064,1.39936,4.39171,0.0285053,1.00472,4.39171,-0.92424,0.883953,5.13918,-0.80347,1.22857,5.13918,0.0285051,1.39936,4.39171,0.0285053,1.22857,5.13918,0.0285051,0.883953,5.13918,-0.80347,0.476362,6.83892,-0.395879,0.652148,6.83892,0.0285046,1.22857,5.13918,0.0285051,0.652148,6.83892,0.0285046,0.476362,6.83892,-0.395879,0.371715,8.96755,-0.291233,0.504156,8.96755,0.0285041,0.652148,6.83892,0.0285046,0.504156,8.96755,0.0285041,0.371715,8.96755,-0.291233,0.431556,9.00967,-0.351074,0.588783,9.00967,0.028504,0.504156,8.96755,0.0285041,0.588783,9.00967,0.028504,0.431556,9.00967,-0.351074,0.406294,9.67288,-0.325812,0.553057,9.67288,0.0285039,0.588783,9.00967,0.028504,0.553057,9.67288,0.0285039,0.406294,9.67288,-0.325812,0.0526406,9.73047,0.0293202,0.0519781,-0.109258,0.0285062,0.940538,0.0480373,-0.860053,0.940538,0.0480373,-0.860053,0.0519785,0.0480373,-1.22811,0.0519785,0.266774,-1.31191,0.999798,0.266774,-0.919313,0.940538,0.0480373,-0.860053,0.999798,0.266774,-0.919313,0.0519785,0.266774,-1.31191,0.0519778,4.39171,-1.31888,1.00472,4.39171,-0.92424,0.999798,0.266774,-0.919313,1.00472,4.39171,-0.92424,0.0519778,4.39171,-1.31888,0.0519777,5.13918,-1.14809,0.883953,5.13918,-0.80347,1.00472,4.39171,-0.92424,0.883953,5.13918,-0.80347,0.0519777,5.13918,-1.14809,0.0519774,6.83892,