{

    "metadata" :
    {
        "formatVersion" : 3.1,
        "sourceFile"    : "lowpoly_obj.obj",
        "generatedBy"   : "OBJConverter",
        "vertices"      : 68,
        "faces"         : 74,
        "normals"       : 68,
        "colors"        : 0,
        "uvs"           : 110,
        "materials"     : 1
    },

    "scale" : 1.000000,

    "materials": [	{
	"DbgColor" : 15658734,
	"DbgIndex" : 0,
	"DbgName" : "09___Default",
	"colorAmbient" : [0.58819999999999995, 0.58819999999999995, 0.58819999999999995],
	"colorDiffuse" : [0.58819999999999995, 0.58819999999999995, 0.58819999999999995],
	"colorSpecular" : [0.0, 0.0, 0.0],
	"illumination" : 2,
	"mapAmbient" : "vinflaska_textur.jpg",
	"mapDiffuse" : "vinflaska_textur.jpg",
	"opticalDensity" : 1.5,
	"specularCoef" : 10.0,
	"transparency" : 0.0,
	"transparent" : true
	}],

    "vertices": [0.052000,-0.109300,0.028500,-0.836600,0.048000,0.917100,-1.204600,0.048000,0.028500,-0.895800,0.266800,0.976300,-1.288400,0.266800,0.028500,-0.900800,4.391700,0.981300,-1.295400,4.391700,0.028500,-0.780000,5.139200,0.860500,-1.124600,5.139200,0.028500,-0.372400,6.838900,0.452900,-0.548200,6.838900,0.028500,-0.267800,8.967500,0.348200,-0.400200,8.967500,0.028500,-0.327600,9.009700,0.408100,-0.484800,9.009700,0.028500,-0.302300,9.672900,0.382800,-0.449100,9.672900,0.028500,0.052600,9.730500,0.029300,0.050400,9.730500,0.027000,0.052000,0.048000,1.285100,0.052000,0.266800,1.368900,0.052000,4.391700,1.375900,0.052000,5.139200,1.205100,0.052000,6.838900,0.628700,0.052000,8.967500,0.480700,0.052000,9.009700,0.565300,0.052000,9.672900,0.529600,0.940500,0.048000,0.917100,0.999800,0.266800,0.976300,1.004700,4.391700,0.981300,0.884000,5.139200,0.860500,0.476400,6.838900,0.452900,0.371700,8.967500,0.348200,0.431600,9.009700,0.408100,0.406300,9.672900,0.382800,1.308600,0.048000,0.028500,1.392400,0.266800,0.028500,1.399400,4.391700,0.028500,1.228600,5.139200,0.028500,0.652100,6.838900,0.028500,0.504200,8.967500,0.028500,0.588800,9.009700,0.028500,0.553100,9.672900,0.028500,0.940500,0.048000,-0.860100,0.999800,0.266800,-0.919300,1.004700,4.391700,-0.924200,0.884000,5.139200,-0.803500,0.476400,6.838900,-0.395900,0.371700,8.967500,-0.291200,0.431600,9.009700,-0.351100,0.406300,9.672900,-0.325800,0.052000,0.048000,-1.228100,0.052000,0.266800,-1.311900,0.052000,4.391700,-1.318900,0.052000,5.139200,-1.148100,0.052000,6.838900,-0.571700,0.052000,8.967500,-0.423700,0.052000,9.009700,-0.508300,0.052000,9.672900,-0.472600,-0.428900,0.048000,-1.132500,-0.836600,0.048000,-0.860100,-0.895800,0.266800,-0.919300,-0.900800,4.391700,-0.924200,-0.780000,5.139200,-0.803500,-0.372400,6.838900,-0.395900,-0.267800,8.967500,-0.291200,-0.327600,9.009700,-0.351100,-0.302300,9.672900,-0.325800],

    "morphTargets": [],

    "morphColors": [],

    "normals": [0.0005,-1,0.0012,-0.484,-0.729,0.484,-0.6845,-0.729,-0,-0.6962,-0.1753,0.6962,-0.9845,-0.1753,-0,-0.7029,0.1083,0.7029,-0.9941,0.1083,0,-0.681,0.2691,0.681,-0.9631,0.2691,0,-0.6924,0.2032,0.6924,-0.9791,0.2032,0,-0.583,-0.5659,0.583,-0.8245,-0.5659,0,-0.6305,-0.4527,0.6305,-0.8917,-0.4527,0,-0.5575,0.6152,0.5575,-0.7884,0.6151,0.0001,0.0201,0.9996,0.0207,-0.0162,0.9996,-0.0242,-0,-0.729,0.6845,-0,-0.1753,0.9845,0,0.1083,0.9941,0,0.2691,0.9631,0,0.2032,0.9791,0,-0.5659,0.8245,0,-0.4527,0.8917,-0,0.6151,0.7884,0.484,-0.729,0.484,0.6962,-0.1753,0.6962,0.7029,0.1083,0.7029,0.681,0.2691,0.681,0.6924,0.2032,0.6924,0.583,-0.5659,0.583,0.6305,-0.4527,0.6305,0.5575,0.6151,0.5575,0.6845,-0.729,0,0.9845,-0.1753,0,0.9941,0.1083,-0,0.9631,0.2691,-0,0.9791,0.2032,-0,0.8245,-0.5659,-0,0.8917,-0.4527,-0,0.7884,0.6151,-0,0.484,-0.729,-0.484,0.6962,-0.1753,-0.6962,0.7029,0.1083,-0.7029,0.681,0.2691,-0.681,0.6924,0.2032,-0.6924,0.583,-0.5659,-0.583,0.6305,-0.4527,-0.6305,0.5575,0.6152,-0.5575,0.0692,-0.7418,-0.667,0.0394,-0.1512,-0.9877,-0,0.1083,-0.9941,-0,0.2691,-0.9631,-0,0.2032,-0.9791,-0,-0.5659,-0.8245,-0,-0.4527,-0.8917,0.0001,0.6151,-0.7884,-0.2875,-0.6574,-0.6965,-0.5206,-0.7418,-0.4228,-0.7277,-0.1535,-0.6685,-0.7029,0.1085,-0.7029,-0.681,0.2691,-0.681,-0.6924,0.2032,-0.6924,-0.583,-0.5659,-0.583,-0.6305,-0.4527,-0.6305,-0.5576,0.615,-0.5576],

    "colors": [],

    "uvs": [[0.7571,0.5432,0.6102,0.6616,0.574,0.5184,0.0217,0.0261,0.0876,0.0261,0.0876,0.0362,0.0217,0.0362,0.0876,0.3249,0.0217,0.3249,0.0876,0.3797,0.0217,0.3797,0.0876,0.5528,0.0217,0.5528,0.0876,0.8559,0.0217,0.8559,0.0876,0.8716,0.0217,0.8716,0.0876,0.9745,0.0217,0.9745,0.8503,0.7871,0.8678,0.8762,0.7572,0.8543,0.7573,0.8535,0.7328,0.738,0.612,0.6641,0.1535,0.0261,0.1535,0.0362,0.1535,0.3249,0.1535,0.3797,0.1535,0.5528,0.1535,0.8559,0.1535,0.8716,0.1535,0.9745,0.8678,0.8764,0.8206,0.9525,0.8683,0.6995,0.7338,0.7381,0.2195,0.0261,0.2195,0.0362,0.2195,0.3249,0.2195,0.3797,0.2195,0.5528,0.2195,0.8559,0.2195,0.8716,0.2195,0.9745,0.8204,0.9526,0.7362,0.9711,0.9396,0.57,0.8701,0.6985,0.2854,0.0261,0.2854,0.0362,0.2854,0.3249,0.2854,0.3797,0.2854,0.5528,0.2854,0.8559,0.2854,0.8716,0.2854,0.9745,0.7361,0.9711,0.6641,0.9211,0.9036,0.4238,0.94,0.567,0.3513,0.0261,0.3513,0.0362,0.3513,0.3249,0.3513,0.3797,0.3513,0.5528,0.3513,0.8559,0.3513,0.8716,0.3513,0.9745,0.664,0.921,0.6466,0.8318,0.7822,0.3489,0.903,0.4229,0.4173,0.0261,0.4173,0.0362,0.4173,0.3249,0.4173,0.3797,0.4173,0.5528,0.4173,0.8559,0.4173,0.8716,0.4173,0.9745,0.6938,0.7556,0.6466,0.8317,0.7095,0.3534,0.7804,0.3483,0.4502,0.0261,0.4832,0.0261,0.4832,0.0362,0.4832,0.3249,0.4832,0.3797,0.4832,0.5528,0.4832,0.8559,0.4832,0.8716,0.4832,0.9745,0.6939,0.7555,0.7781,0.737,0.6448,0.3872,0.7085,0.3537,0.5741,0.5174,0.6435,0.3888,0.5491,0.0261,0.5491,0.0362,0.5491,0.3249,0.5491,0.3797,0.5491,0.5528,0.5491,0.8559,0.5491,0.8716,0.5491,0.9745,0.7783,0.737,0.8502,0.7869]],